age_bp,forager_raw,farmer_raw,total_raw,farmer_share,a_over_f
22000,0.040700208520553206,0.0,0.040700208520553206,0.0,0.0
20000,0.08066708095055944,0.0,0.08066708095055944,0.0,0.0
18000,0.13938743848363305,0.0,0.13938743848363305,0.0,0.0
16000,0.15893983829942687,0.0,0.15893983829942687,0.0,0.0
15000,0.1425737990248188,0.0,0.1425737990248188,0.0,0.0
14000,0.18830663292090216,0.0,0.18830663292090216,0.0,0.0
13000,0.4337848158441452,0.0,0.4337848158441452,0.0,0.0
12500,0.44127763219144056,0.0,0.44127763219144056,0.0,0.0
12000,0.33142337338385175,0.027617122293773076,0.3590404956776248,0.07691924066016757,0.08332883107126896
11500,0.25600793301623753,0.6658533006425176,0.921861233658755,0.7222923324368754,2.600908857774674
11000,0.15825391332138317,1.0477063592366118,1.205960272557995,0.8687735268544904,6.620413595137596
10500,0.10284118057559816,1.234272998531214,1.3371141791068122,0.923087211112894,12.00173891064878
10000,0.06225276383544327,1.4402359182026656,1.502488682038109,0.9585668999842327,23.13529278811996
9500,0.0497510911277239,2.3157373494113305,2.365488440539054,0.9789679415569723,46.546463543206215
9000,0.049068606853106475,2.2130424349445224,2.262111041797629,0.9783084888644046,45.100983640508986
8500,0.037435173470102875,2.0050063268697444,2.0424415003398475,0.9816713607396471,53.55942395915481
8000,0.055672123340474514,1.4949274394012428,1.5505995627417173,0.9640963891141328,26.85235176425195
7500,0.048650197704241074,1.0772488609061004,1.1258990586103415,0.9567899117312627,22.142743744948675
