age_bp,forager_norm,farmer_norm,forager_raw,farmer_raw,farmer_share
22000,0.08798443876317517,0.0,0.040700208520553206,0.0,0.0
20000,0.1743835744849919,0.0,0.08066708095055944,0.0,0.0
18000,0.30132340819398745,0.0,0.13938743848363305,0.0,0.0
16000,0.34359117503840275,0.0,0.15893983829942687,0.0,0.0
15000,0.3082115828275837,0.0,0.1425737990248188,0.0,0.0
14000,0.4070753938413391,0.0,0.18830663292090216,0.0,0.0
13000,0.93774245767711,0.0,0.4337848158441452,0.0,0.0
12500,0.9539401938813216,0.0,0.44127763219144056,0.0,0.0
12000,0.7164606905011527,0.011826128005677042,0.33142337338385175,0.027617122293773076,0.07691924066016757
11500,0.553429948497179,0.28512986554636266,0.25600793301623753,0.6658533006425176,0.7222923324368754
11000,0.3421083638582993,0.44864593004636516,0.15825391332138317,1.0477063592366118,0.8687735268544904
10500,0.22231885004021518,0.528536982213825,0.10284118057559816,1.234272998531214,0.923087211112894
10000,0.13457607925404105,0.616733856115012,0.06225276383544327,1.4402359182026656,0.9585668999842327
9500,0.1075503539132451,0.9916386664167582,0.0497510911277239,2.3157373494113305,0.9789679415569723
9000,0.10607498073827518,0.9476629331344256,0.049068606853106475,2.2130424349445224,0.9783084888644046
8500,0.08092618803429014,0.8585782842081358,0.037435173470102875,2.0050063268697444,0.9816713607396471
8000,0.12035025629886716,0.6401537086122944,0.055672123340474514,1.4949274394012428,0.9640963891141328
7500,0.10517047691693211,0.4612965387026506,0.048650197704241074,1.0772488609061004,0.9567899117312627
