id,labnr,bp,std,cal_bp,cal_std,delta_c13,source_database,lab_name,material,species,feature,feature_type,site,country,lat,lng,site_type,periods,typochronological_units,ecochronological_units,reference,CalAge,CalSD,_is_forager,_is_farmer,_is_transition,_is_pre_holocene
46857,UCR-1723,11875.0,650.0,,,0.0,,,charcoal,,,settlement,ʿAin Ghazal,JO,31.93,35.93,settlement,"[{""periode"": ""Neolithic""}, {""periode"": ""PPN""}]","[{""typochronological_unit"": ""Neolithic""}, {""typochronological_unit"": ""PPN""}]","[{""ecochronological_unit"": ""Neolithic""}, {""ecochronological_unit"": ""PPN""}]","[{""reference"": ""Rollefson et al. 1985, 111""}, {""reference"": ""CalPal2022""}]",13702.5,1787.5,False,True,False,False
61206,Beta-101605,13860.0,120.0,,,0.0,,,charcoal,,,,Halula,SY,36.42,38.18,,"[{""periode"": ""Neolithic?""}, {""periode"": ""PPNB""}]","[{""typochronological_unit"": ""Neolithic?""}, {""typochronological_unit"": ""PPNB""}]","[{""ecochronological_unit"": ""Neolithic?""}, {""ecochronological_unit"": ""PPNB""}]","[{""reference"": ""PPND, Moliste 2013""}, {""reference"": ""CalPal2022""}]",16870.0,240.0,False,True,False,False
71218,Pta-3008,12300.0,470.0,,,,,,charcoal,,,,Salibiya 9,"Israel, Palestine",31.98,35.37,,"[{""periode"": ""ACN""}, {""periode"": ""PPNA""}]","[{""typochronological_unit"": ""ACN""}, {""typochronological_unit"": ""PPNA""}]","[{""ecochronological_unit"": ""ACN""}, {""ecochronological_unit"": ""PPNA""}]","[{""reference"": ""Bar-Yosef 1988, Goring-Morris 1991, Kuijt and Bar-Yosef 1994, Schyle 1996""}, {""reference"": ""CONTEXT""}]",14222.5,900.8333333333333,False,True,False,False
71219,Pta-3385,18500.0,140.0,,,,,,charcoal,,,,Salibiya 9,"Israel, Palestine",31.98,35.37,,"[{""periode"": ""ACN""}, {""periode"": ""PPNA""}]","[{""typochronological_unit"": ""ACN""}, {""typochronological_unit"": ""PPNA""}]","[{""ecochronological_unit"": ""ACN""}, {""ecochronological_unit"": ""PPNA""}]","[{""reference"": ""Goring-Morris 1978, Bar-Yosef 1991, Goring-Morris 1991, Kuijt and Bar-Yosef 1994, Schyle 1996""}, {""reference"": ""CONTEXT""}]",22405.0,140.0,False,True,False,False
71937,GrN-10590,12230.0,190.0,,,,,,,,,plein air,Bouqras,SY,35.03,40.39,plein air,"[{""periode"": ""ACN""}, {""periode"": ""PPNB""}]","[{""typochronological_unit"": ""ACN""}, {""typochronological_unit"": ""PPNB""}]","[{""ecochronological_unit"": ""ACN""}, {""ecochronological_unit"": ""PPNB""}]","[{""reference"": ""Bernbeck 1994""}, {""reference"": ""CONTEXT""}]",14115.0,190.0,False,True,False,False
160232,MC-607,12500.0,160.0,,,,,,charbon,,,plein air,Assouad,SY,36.57,39.0,plein air,"[{""periode"": ""Néolithique ancien""}, {""periode"": ""PPNB récent""}]","[{""typochronological_unit"": ""Néolithique ancien""}, {""typochronological_unit"": ""PPNB récent""}]","[{""ecochronological_unit"": ""Néolithique ancien""}, {""ecochronological_unit"": ""PPNB récent""}]","[{""reference"": ""base ASPRO""}, {""reference"": ""BDA""}]",14772.5,866.6666666666666,False,True,False,False
160246,GrN-10590,12230.0,190.0,,,,,,inconnu,,,plein air,Bouqras,SY,35.03,40.39,plein air,"[{""periode"": ""Néolithique ancien""}, {""periode"": ""PPNB récent""}]","[{""typochronological_unit"": ""Néolithique ancien""}, {""typochronological_unit"": ""PPNB récent""}]","[{""ecochronological_unit"": ""Néolithique ancien""}, {""ecochronological_unit"": ""PPNB récent""}]","[{""reference"": ""base ASPRO""}, {""reference"": ""BDA""}]",14115.0,190.0,False,True,False,False
160406,UCR-1723,11875.0,670.0,,,,,,charbon,,,settlement,ʿAin Ghazal,JO,31.93,35.93,settlement,"[{""periode"": ""Néolithique ancien""}, {""periode"": ""PPNB""}]","[{""typochronological_unit"": ""Néolithique ancien""}, {""typochronological_unit"": ""PPNB""}]","[{""ecochronological_unit"": ""Néolithique ancien""}, {""ecochronological_unit"": ""PPNB""}]","[{""reference"": ""base ASPRO""}, {""reference"": ""BDA""}]",13702.5,1842.5,False,True,False,False
160409,OxA-869,13260.0,200.0,,,,,,charbon,,31,plein air,Azraq,JO,31.8,36.81667,plein air,"[{""periode"": ""Néolithique ancien""}, {""periode"": ""PPNB récent""}]","[{""typochronological_unit"": ""Néolithique ancien""}, {""typochronological_unit"": ""PPNB récent""}]","[{""ecochronological_unit"": ""Néolithique ancien""}, {""ecochronological_unit"": ""PPNB récent""}]","[{""reference"": ""base ASPRO""}, {""reference"": ""BDA""}]",15925.0,300.0,False,True,False,False
