cal_bp,C
23000.0,0.36568276340110917
22975.0,0.36568276340110917
22950.0,0.36568276340110917
22925.0,0.36568276340110917
22900.0,0.36406442912901366
22875.0,0.36109449783177217
22850.0,0.35935816853662805
22825.0,0.3591918781532439
22800.0,0.3590255877698599
22775.0,0.3588592973864757
22750.0,0.3586930070030915
22725.0,0.3585267166197075
22700.0,0.3583604262363233
22675.0,0.35819413585293913
22650.0,0.35802784546955513
22625.0,0.3578615550861709
22600.0,0.35769526470278695
22575.0,0.3575289743194027
22550.0,0.35736268393601855
22525.0,0.35719639355263455
22500.0,0.3570301031692504
22475.0,0.35686381278586615
22450.0,0.3566975224024822
22425.0,0.35670018946034826
22400.0,0.35678236590233203
22375.0,0.3568645423443156
22350.0,0.35694671878629936
22325.0,0.3570288952282831
22300.0,0.3571110716702669
22275.0,0.3571932481122507
22250.0,0.35811944846880156
22225.0,0.3510072788566535
22200.0,0.3476223011738722
22175.0,0.34739310800105616
22150.0,0.3471639148282401
22125.0,0.3435282421173886
22100.0,0.3400920281590435
22075.0,0.33842288770689705
22050.0,0.3367537472547504
22025.0,0.3328148721624296
22000.0,0.3292225076292993
21975.0,0.3270518298371583
21950.0,0.32617595473731903
21925.0,0.3265425203804514
21900.0,0.32483816870138493
21875.0,0.3226359127817655
21850.0,0.32244429020032644
21825.0,0.3236507813977601
21800.0,0.324843507271021
21775.0,0.3255080860012464
21750.0,0.32617266473147183
21725.0,0.3302016548353538
21700.0,0.33213282318786086
21675.0,0.3333910975351079
21650.0,0.3339362465694108
21625.0,0.33240491559644536
21600.0,0.3311228028332112
21575.0,0.33114908567106743
21550.0,0.3311753685089235
21525.0,0.3310866376483213
21500.0,0.33015447299902606
21475.0,0.3292223083497306
21450.0,0.3282901437004352
21425.0,0.3282689627085389
21400.0,0.3290886897080878
21375.0,0.32990841670763665
21350.0,0.3307281437071853
21325.0,0.3312492203301712
21300.0,0.331002338841995
21275.0,0.330755457353819
21250.0,0.3305085758656428
21225.0,0.3305081269902096
21200.0,0.33060351301973223
21175.0,0.33069889904925487
21150.0,0.33079428507877756
21125.0,0.3308896711083002
21100.0,0.3309850571378226
21075.0,0.33108044316734525
21050.0,0.33060143773947687
21025.0,0.3297395046733476
21000.0,0.3288775716072183
20975.0,0.328117607539181
20950.0,0.3274056288820104
20925.0,0.32669365022484
20900.0,0.3259816715676696
20875.0,0.32566222852351673
20850.0,0.3255635867616866
20825.0,0.32546494499985656
20800.0,0.32536630323802623
20775.0,0.3252676614761961
20750.0,0.3251690197143658
20725.0,0.32481303367450376
20700.0,0.3231059901749742
20675.0,0.3213989466754444
20650.0,0.3196919031759146
20625.0,0.31798485967638507
20600.0,0.31627781617685524
20575.0,0.3145707726773257
20550.0,0.3128637291777959
20525.0,0.31155524597835715
20500.0,0.3110937034166121
20475.0,0.3106321608548667
20450.0,0.3101706182931214
20425.0,0.3097090757313761
20400.0,0.30924753316963083
20375.0,0.3087859906078855
20350.0,0.3083244480461402
20325.0,0.3078629054843949
20300.0,0.3074013629226496
20275.0,0.3069398203609042
20250.0,0.306933506342042
20225.0,0.3070709487051425
20200.0,0.3072083910682431
20175.0,0.3073458334313434
20150.0,0.30702038920567754
20125.0,0.306000615096862
20100.0,0.30498084098804623
20075.0,0.3039610668792307
20050.0,0.3000838226387027
20025.0,0.2944906730023896
20000.0,0.2942601927319596
19975.0,0.2940297124615293
19950.0,0.29379923219109905
19925.0,0.29369935740724606
19900.0,0.293660944028841
19875.0,0.29379085109035635
19850.0,0.2940329717784848
19825.0,0.2942750924666135
19800.0,0.29451721315474216
19775.0,0.29475933384287084
19750.0,0.2950014545309995
19725.0,0.2952435752191282
19700.0,0.2921363597214769
19675.0,0.2911676043105295
19650.0,0.29038480195060007
19625.0,0.2896019995906706
19600.0,0.29055913896533486
19575.0,0.2915887759122737
19550.0,0.29261841285921264
19525.0,0.29353076464024275
19500.0,0.29309433701332177
19475.0,0.29265790938640057
19450.0,0.2922214817594796
19425.0,0.2917850541325586
19400.0,0.29153873369024097
19375.0,0.29169639101520534
19350.0,0.2918540483401699
19325.0,0.2920117056651343
19300.0,0.29216936299009866
19275.0,0.29232702031506325
19250.0,0.2924846776400276
19225.0,0.29264233496499215
19200.0,0.2927999922899565
19175.0,0.2929576496149211
19150.0,0.29311530693988547
19125.0,0.29327296426485006
19100.0,0.2934306215898144
19075.0,0.2935882789147788
19050.0,0.2937459362397433
19025.0,0.2939035935647077
19000.0,0.2940612508896723
18975.0,0.29421890821463664
18950.0,0.29437656553960123
18925.0,0.2945342228645656
18900.0,0.29469188018953013
18875.0,0.2948495375144945
18850.0,0.29500719483945886
18825.0,0.29516485216442345
18800.0,0.2953225094893878
18775.0,0.2954801668143524
18750.0,0.2956378241393167
18725.0,0.2957954814642813
18700.0,0.2959531387892457
18675.0,0.29611079611421004
18650.0,0.29626845343917463
18625.0,0.296426110764139
18600.0,0.2965837680891036
18575.0,0.2967414254140679
18550.0,0.2968990827390325
18525.0,0.29705674006399685
18500.0,0.29721439738896144
18475.0,0.2973720547139258
18450.0,0.29752971203889017
18425.0,0.29768736936385476
18400.0,0.29784502668881907
18375.0,0.29800268401378366
18350.0,0.298160341338748
18325.0,0.2983179986637126
18300.0,0.298475655988677
18275.0,0.2986333133136415
18250.0,0.2987909706386059
18225.0,0.29894862796357025
18200.0,0.29910628528853483
18175.0,0.2992639426134992
18150.0,0.2994215999384638
18125.0,0.29957925726342816
18100.0,0.2997369145883927
18075.0,0.301855285910202
18050.0,0.30745937100418047
18025.0,0.3087928266300664
18000.0,0.30975492317177034
17975.0,0.31071701971347426
17950.0,0.3116791162551784
17925.0,0.3149988074652674
17900.0,0.3180826897964293
17875.0,0.3185088570678442
17850.0,0.31893502433925935
17825.0,0.31936119161067433
17800.0,0.31978735888208926
17775.0,0.3202135261535042
17750.0,0.3206396934249191
17725.0,0.32106586069633425
17700.0,0.32149202796774917
17675.0,0.3219181952391641
17650.0,0.322344362510579
17625.0,0.322770529781994
17600.0,0.32319669705340914
17575.0,0.32362286432482407
17550.0,0.324049031596239
17525.0,0.3247922434133751
17500.0,0.32719993909554757
17475.0,0.3296076347777201
17450.0,0.3318020264572347
17425.0,0.33397786996260553
17400.0,0.3334691989436452
17375.0,0.3322671575934651
17350.0,0.3317904824887115
17325.0,0.3316002159812904
17300.0,0.3315447299902609
17275.0,0.3353368384501255
17250.0,0.34443079654694936
17225.0,0.3486782041716154
17200.0,0.35033450599248706
17175.0,0.36157541291515105
17150.0,0.3721072088724584
17125.0,0.37573424049659654
17100.0,0.3795824880434527
17075.0,0.3836703861732532
17050.0,0.3917385963866197
17025.0,0.4159322640271895
17000.0,0.4135951940850278
16975.0,0.4162290348134958
16950.0,0.4250079443857918
16925.0,0.4292428488570638
16900.0,0.4348591230660768
16875.0,0.4642716594120804
16850.0,0.5136597400274282
16825.0,0.5351561226720728
16800.0,0.5313741975235027
16775.0,0.5279443733078386
16750.0,0.5270133371871745
16725.0,0.5249555780812116
16700.0,0.5297545614453522
16675.0,0.5410221016437102
16650.0,0.5332784767356349
16625.0,0.5360985308889428
16600.0,0.5305248919541448
16575.0,0.5245960288593404
16550.0,0.5346042041878085
16525.0,0.5318606559084709
16500.0,0.5291171076291332
16475.0,0.5263735593497956
16450.0,0.547665288024241
16425.0,0.5549815699177693
16400.0,0.5635671695188118
16375.0,0.5652574641365739
16350.0,0.5672033004426769
16325.0,0.5755987518136465
16300.0,0.5814147933933577
16275.0,0.5848245185141017
16250.0,0.5881596704629022
16225.0,0.5890219227635003
16200.0,0.5858727526971479
16175.0,0.5869448369486086
16150.0,0.5870841971121246
16125.0,0.5872235572756404
16100.0,0.5873629174391564
16075.0,0.5875022776026723
16050.0,0.5938212390435871
16025.0,0.5812849561743486
16000.0,0.584307832965635
15975.0,0.5929335099121602
15950.0,0.5948258742377976
15925.0,0.5876130224792797
15900.0,0.5873299075498224
15875.0,0.5874261724017291
15850.0,0.5875224372536355
15825.0,0.5873630501631217
15800.0,0.580858823763242
15775.0,0.5721836395075914
15750.0,0.5680918967264921
15725.0,0.570487065257204
15700.0,0.5679426362399946
15675.0,0.5692400572416669
15650.0,0.5700390555124917
15625.0,0.5771501401228312
15600.0,0.552614234889591
15575.0,0.5502891896726491
15550.0,0.5491711883608608
15525.0,0.5470578677478981
15500.0,0.5336912925088946
15475.0,0.5202880965158111
15450.0,0.5193101559239164
15425.0,0.5137429690139723
15400.0,0.5068382922902629
15375.0,0.5044880388766323
15350.0,0.5034593286029454
15325.0,0.5024306183292587
15300.0,0.501401908055572
15275.0,0.5010724888007524
15250.0,0.5016330762972181
15225.0,0.5021936637936837
15200.0,0.5027542512901495
15175.0,0.5033148387866151
15150.0,0.5038754262830809
15125.0,0.5040068421680283
15100.0,0.5027792146165007
15075.0,0.5015515870649732
15050.0,0.5003239595134455
15025.0,0.49938940111011243
15000.0,0.49889444642907066
14975.0,0.49839949174802883
14950.0,0.49790453706698723
14925.0,0.4974095823859454
14900.0,0.4972246309530909
14875.0,0.49708195269044364
14850.0,0.4969392744277964
14825.0,0.49679659616514893
14800.0,0.4966539179025017
14775.0,0.49651123963985444
14750.0,0.4963685613772072
14725.0,0.4962258831145599
14700.0,0.4956982588992904
14675.0,0.49504907280424526
14650.0,0.49439988670920043
14625.0,0.4937507006141553
14600.0,0.493979413869179
14575.0,0.4944853584979083
14550.0,0.49499130312663775
14525.0,0.4954972477553671
14500.0,0.4960031923840965
14475.0,0.49650913701282606
14450.0,0.4958268640181621
14425.0,0.4945854297889602
14400.0,0.49334399555975844
14375.0,0.4921025613305565
14350.0,0.49117414713622426
14325.0,0.49071526299419677
14300.0,0.48595697185618014
14275.0,0.48386584356925644
14250.0,0.47948116221027787
14225.0,0.47769083537057977
14200.0,0.4805426884843733
14175.0,0.4838242885252603
14150.0,0.48630004173871555
14125.0,0.4882239154322513
14100.0,0.4877816128180446
14075.0,0.48733931020383814
14050.0,0.48681997524763265
14025.0,0.48605670454176364
14000.0,0.4852934338358946
13975.0,0.4845301631300256
13950.0,0.48376689242415655
13925.0,0.48868105658577304
13900.0,0.4927176978497583
13875.0,0.4954873620169993
13850.0,0.4948591174088911
13825.0,0.494230872800783
13800.0,0.49428428804912006
13775.0,0.4948732931846641
13750.0,0.4937318670834858
13725.0,0.49278884769577735
13700.0,0.4966075894313361
13675.0,0.500426331166895
13650.0,0.4998645355077216
13625.0,0.5057296821894937
13600.0,0.5094511455065482
13575.0,0.5117707749488202
13550.0,0.5122696646267096
13525.0,0.5119972788525646
13500.0,0.5133108441158347
13475.0,0.5151252360224992
13450.0,0.5157804146045754
13425.0,0.5170207643011887
13400.0,0.5205639411569289
13375.0,0.5175112748738352
13350.0,0.5197130598815056
13325.0,0.5225830979884105
13300.0,0.527009366818263
13275.0,0.5321465625186332
13250.0,0.541605952984318
13225.0,0.5459087370205371
13200.0,0.5491073671917247
13175.0,0.5493828838368366
13150.0,0.5942187406833224
13125.0,0.5947081271242022
13100.0,0.5981737821239044
13075.0,0.5940689285075427
13050.0,0.5970571820404268
13025.0,0.599661916403315
13000.0,0.6051510345238804
12975.0,0.59982171605748
12950.0,0.6094342798695551
12925.0,0.6079800591156501
12900.0,0.6054664038413646
12875.0,0.6027420547373441
12850.0,0.5945083775564962
12825.0,0.5873784929868435
12800.0,0.5874657785122278
12775.0,0.5843770794824399
12750.0,0.5797911767984589
12725.0,0.5767815113751549
12700.0,0.5738754222099071
12675.0,0.5654990331950559
12650.0,0.5619274071584606
12625.0,0.5571891052917824
12600.0,0.563986643610995
12575.0,0.5669549221871086
12550.0,0.567901735138036
12525.0,0.5727356746765251
12500.0,0.5796298883276403
12475.0,0.5839102362070578
12450.0,0.5841613499493171
12425.0,0.5911126349054915
12400.0,0.5859590960586727
12375.0,0.5891950390555125
12350.0,0.592204599208952
12325.0,0.59660393211225
12300.0,0.6073722497167728
12275.0,0.6113059845367995
12250.0,0.6189577246437301
12225.0,0.6295144892970007
12200.0,0.6430911042329561
12175.0,0.6512092898455666
12150.0,0.6549126468308388
12125.0,0.6670973704609144
12100.0,0.6902626131843232
12075.0,0.7104652210495629
12050.0,0.7327250909307734
12025.0,0.745918549877765
12000.0,0.7614590662453045
11975.0,0.7704477967920815
11950.0,0.7804885417287777
11925.0,0.798804245423648
11900.0,0.8145569402208838
11875.0,0.8256053107546757
11850.0,0.8408395444517318
11825.0,0.8635741183269654
11800.0,0.8880363723093434
11775.0,0.9038805080197958
11750.0,0.9109116928030527
11725.0,0.924095164271659
11700.0,0.9360472384052299
11675.0,0.9313948124739131
11650.0,0.933303619342913
11625.0,0.944972989088307
11600.0,0.9462858047086773
11575.0,0.9569632634362355
11550.0,0.9592969712569608
11525.0,0.9616306790776865
11500.0,0.9639643868984118
11475.0,0.9658627988790172
11450.0,0.968366932095988
11425.0,0.9689413952865586
11400.0,0.9692918331246396
11375.0,0.9704210840140717
11350.0,0.9777737481015898
11325.0,0.9793798521256929
11300.0,0.9791551338620235
11275.0,0.9800561153843605
11250.0,0.9837517994497302
11225.0,0.9895949805828417
11200.0,0.9893694568773668
11175.0,0.9852784568600561
11150.0,1.0011585474926958
11125.0,0.9994898703347812
11100.0,0.9990193064493196
11075.0,0.998548742563858
11050.0,0.9980781786783963
11025.0,0.9971759543876026
11000.0,0.9940075129688151
10975.0,0.9931177194399421
10950.0,0.9918346815601002
10925.0,0.9924450274614249
10900.0,0.9932662201286613
10875.0,0.9944203287420743
10850.0,0.9946566990638599
10825.0,0.9934990595237447
10800.0,0.980003001897775
10775.0,0.9779875976387811
10750.0,0.9787218494980043
10725.0,0.9781289588713116
10700.0,0.9818912749048101
10675.0,0.9810354431260309
10650.0,0.9786426097628842
10625.0,0.9821970569498095
10600.0,0.9741204460079897
10575.0,0.9782343471047712
10550.0,0.9743640554807753
10525.0,0.9731953080101543
10500.0,0.968306401923956
10475.0,0.9659442352412357
10450.0,0.9653234750462105
10425.0,0.9748914793393357
10400.0,0.978792106242508
10375.0,0.9798597332423169
10350.0,0.9809273602421256
10325.0,0.9819949872419345
10300.0,0.9837262852192332
10275.0,0.9921407624633432
10250.0,0.9999151064337246
10225.0,1.007630433486375
10200.0,1.0186665971021407
10175.0,1.0241696976924453
10150.0,1.0224718263669426
10125.0,1.0235428779222346
10100.0,1.0245556926317307
10075.0,1.0257431096719152
10050.0,1.0376727684693814
10025.0,1.034228198146271
10000.0,1.0315204817840318
9975.0,1.0350240892015978
9950.0,1.0376469185253254
9925.0,1.0369859824557093
9900.0,1.0363250463860934
9875.0,1.0375643329897697
9850.0,1.0459396454059655
9825.0,1.0561995408741278
9800.0,1.060203669708476
9775.0,1.0585674232496063
9750.0,1.0582669488998864
9725.0,1.0644991354123186
9700.0,1.069837775525212
9675.0,1.0724092182934826
9650.0,1.0655755636382909
9625.0,1.0609236181503785
9600.0,1.0478164146985325
9575.0,1.045692713612784
9550.0,1.0333581778069287
9525.0,1.0317064025355123
9500.0,1.0286680579571879
9475.0,1.0280448393059445
9450.0,1.025491886177146
9425.0,1.0252037858391085
9400.0,1.0188283942519825
9375.0,1.009573452008608
9350.0,0.9854033003398723
9325.0,0.979237459219571
9300.0,0.9754199077411767
9275.0,0.9691586667461691
9250.0,0.9596505873233561
9225.0,0.947043536035844
9200.0,0.9260464433820752
9175.0,0.9244210302330935
9150.0,0.9235372922647087
9125.0,0.9234570357419696
9100.0,0.9233767792192304
9075.0,0.9232965226964913
9050.0,0.9232162661737522
9025.0,0.9229491114021287
9000.0,0.9226819566305053
8975.0,0.9224148018588818
8950.0,0.9221476470872583
8925.0,0.921880492315635
8900.0,0.9216133375440114
8875.0,0.9213461827723879
8850.0,0.9210790280007646
8825.0,0.920811873229141
8800.0,0.9205601091016391
8775.0,0.9203479209161638
8750.0,0.9201357327306883
8725.0,0.9199235445452127
8700.0,0.9197113563597374
8675.0,0.9194991681742621
8650.0,0.9192869799887866
8625.0,0.9190747918033111
8600.0,0.9188626036178358
8575.0,0.9186504154323605
8550.0,0.918438227246885
8525.0,0.9180350696944817
8500.0,0.9172924110453178
8475.0,0.9172287728817603
8450.0,0.912921672828096
8425.0,0.9079780319007813
8400.0,0.9076916962642676
8375.0,0.9069374206291267
8350.0,0.9058966620368918
8325.0,0.9060132766621065
8300.0,0.9053950073002017
8275.0,0.9034702775167516
8250.0,0.9012911409603104
8225.0,0.9006870888419978
8200.0,0.8996184601784132
8175.0,0.8946439252900384
8150.0,0.8949505389820669
8125.0,0.8952571526740956
8100.0,0.8950393667946346
8075.0,0.8950711218541161
8050.0,0.8951028769135976
8025.0,0.8951346319730791
8000.0,0.8950937545510556
7975.0,0.8956868848605841
7950.0,0.8963662655450348
7925.0,0.8970201315276574
7900.0,0.8975193435256257
7875.0,0.8988359170260831
7850.0,0.8976471424848824
7825.0,0.8968114353291792
7800.0,0.8971421062709803
7775.0,0.8974727772127815
7750.0,0.8996796212818932
7725.0,0.9003399696046555
7700.0,0.9010003179274177
7675.0,0.9016606662501798
7650.0,0.9030335849725377
7625.0,0.9049663804374355
7600.0,0.9066975349293178
7575.0,0.9077901596733193
7550.0,0.9088827844173206
7525.0,0.9127579546049827
7500.0,0.9172155612174095
7475.0,0.9198087936401245
7450.0,0.9223855414456152
7425.0,0.9210970512511842
7400.0,0.9235915532403518
7375.0,0.9233357784995655
7350.0,0.9241944991918158
7325.0,0.9250532198840662
7300.0,0.9252936616778962
