parameter,baseline,value,is_baseline,forager_peak,farmer_peak,crossover,farmers_appear
tau_asp,1000.0,500.0,False,13180.0,11740.0,12150.0,True
tau_asp,1000.0,1000.0,True,13180.0,11740.0,12150.0,True
tau_asp,1000.0,1500.0,False,13180.0,11740.0,12150.0,True
p_innov,0.003,0.0015,False,,,,False
p_innov,0.003,0.003,True,13180.0,11740.0,12150.0,True
p_innov,0.003,0.0045,False,13180.0,12260.0,12625.0,True
T_thresh,0.6,0.5,False,13180.0,12105.0,12480.0,True
T_thresh,0.6,0.6,True,13180.0,11740.0,12150.0,True
T_thresh,0.6,0.7,False,13180.0,10930.0,11550.0,True
mode_rate,0.006,0.003,False,13180.0,11675.0,12085.0,True
mode_rate,0.006,0.006,True,13180.0,11740.0,12150.0,True
mode_rate,0.006,0.009,False,13180.0,11780.0,12190.0,True
mode_driver_base,0.2,0.0,False,,,,False
mode_driver_base,0.2,0.2,True,13180.0,11740.0,12150.0,True
mode_driver_base,0.2,0.4,False,13180.0,11790.0,12205.0,True
FARMER_PRESENCE_THRESHOLD,0.1,0.05,False,13180.0,11745.0,12160.0,True
FARMER_PRESENCE_THRESHOLD,0.1,0.1,True,13180.0,11740.0,12150.0,True
FARMER_PRESENCE_THRESHOLD,0.1,0.2,False,13180.0,11735.0,12140.0,True
